2020-09-06;name99;last999984;surname999984;city84;country4
2020-09-07;name99;last999985;surname999985;city8;country5
2020-09-08;name999;last999986;surname999986;city86;country6
2020-09-09;name999;last999987;surname999987;city87;country7
2020-09-10;name9;last999988;surname999988;city8;country8
2020-09-11;name9;last999989;surname999989;city89;country9
2020-09-12;name999990;last99999;surname999990;city90;country10
2020-09-13;name999991;last99999;surname999991;city91;country11
2020-09-14;name999992;last999992;surname999992;city92;country12
2020-09-15;name999993;last999993;surname999993;city93;country13
2020-09-16;name999994;last999994;surname999994;city94;country14
2020-09-17;name999995;last999995;surname999995;city95;country5
2020-09-18;name999996;last999996;surname999996;city9;country16
2020-09-19;name999997;last999997;surname999997;city9;country17
2020-09-20;name999998;last99;surname999998;city98;country18
2020-09-21;name999999;last99999;surname999999;city99;country19
